wavelength_nm,intensity_norm
9.000000000000000000e+02,9.374115318843411204e-01
9.010000000000000000e+02,9.381188277678496057e-01
9.020000000000000000e+02,9.388261236513580910e-01
9.030000000000000000e+02,9.395334195348665762e-01
9.040000000000000000e+02,9.402407154183751725e-01
9.050000000000000000e+02,9.409480113018836578e-01
9.060000000000000000e+02,9.416553071853921431e-01
9.070000000000000000e+02,9.423626030689006283e-01
9.080000000000000000e+02,9.430698989524091136e-01
9.090000000000000000e+02,9.437771948359177099e-01
9.100000000000000000e+02,9.444844907194261951e-01
9.110000000000000000e+02,9.451917866029346804e-01
9.120000000000000000e+02,9.458990824864431657e-01
9.130000000000000000e+02,9.466063783699516510e-01
9.140000000000000000e+02,9.473606398519012206e-01
9.150000000000000000e+02,9.482403741911361594e-01
9.160000000000000000e+02,9.491201085303710983e-01
9.170000000000000000e+02,9.499998428696060371e-01
9.180000000000000000e+02,9.508795772088409759e-01
9.190000000000000000e+02,9.517593115480759147e-01
9.200000000000000000e+02,9.526390458873108535e-01
9.210000000000000000e+02,9.535187802265457924e-01
9.220000000000000000e+02,9.543985145657808422e-01
9.230000000000000000e+02,9.552782489050157810e-01
9.240000000000000000e+02,9.561579832442507199e-01
9.250000000000000000e+02,9.570377175834856587e-01
9.260000000000000000e+02,9.579174519227205975e-01
9.270000000000000000e+02,9.587971862619555363e-01
9.280000000000000000e+02,9.596769206011904751e-01
9.290000000000000000e+02,9.605566549404254140e-01
9.300000000000000000e+02,9.614363892796603528e-01
9.310000000000000000e+02,9.623161236188952916e-01
9.320000000000000000e+02,9.631958579581302304e-01
9.330000000000000000e+02,9.640755922973651693e-01
9.340000000000000000e+02,9.649553266366001081e-01
9.350000000000000000e+02,9.658350609758350469e-01
9.360000000000000000e+02,9.667147953150699857e-01
9.370000000000000000e+02,9.675945296543049245e-01
9.380000000000000000e+02,9.684742639935399744e-01
9.390000000000000000e+02,9.693539983327749132e-01
9.400000000000000000e+02,9.702315758404802537e-01
9.410000000000000000e+02,9.703904004745680378e-01
9.420000000000000000e+02,9.705492251086557109e-01
9.430000000000000000e+02,9.707080497427433841e-01
9.440000000000000000e+02,9.708668743768311682e-01
9.450000000000000000e+02,9.710256990109188413e-01
9.460000000000000000e+02,9.711845236450066254e-01
9.470000000000000000e+02,9.713433482790942985e-01
9.480000000000000000e+02,9.715021729131820827e-01
9.490000000000000000e+02,9.716609975472697558e-01
9.500000000000000000e+02,9.718198221813575399e-01
9.510000000000000000e+02,9.719786468154452130e-01
9.520000000000000000e+02,9.721374714495328861e-01
9.530000000000000000e+02,9.722962960836206703e-01
9.540000000000000000e+02,9.724551207177083434e-01
9.550000000000000000e+02,9.726139453517961275e-01
9.560000000000000000e+02,9.727727699858838006e-01
9.570000000000000000e+02,9.729315946199715848e-01
9.580000000000000000e+02,9.730904192540592579e-01
9.590000000000000000e+02,9.732492438881470420e-01
9.600000000000000000e+02,9.734080685222347151e-01
9.610000000000000000e+02,9.735668931563223882e-01
9.620000000000000000e+02,9.737257177904101724e-01
9.630000000000000000e+02,9.738845424244978455e-01
9.640000000000000000e+02,9.740433670585856296e-01
9.650000000000000000e+02,9.742021916926733027e-01
9.660000000000000000e+02,9.743610163267610869e-01
9.670000000000000000e+02,9.745198409608487600e-01
9.680000000000000000e+02,9.747927501250490678e-01
9.690000000000000000e+02,9.756227819592424577e-01
9.700000000000000000e+02,9.764528137934358476e-01
9.710000000000000000e+02,9.772828456276293485e-01
9.720000000000000000e+02,9.781128774618227384e-01
9.730000000000000000e+02,9.789429092960161283e-01
9.740000000000000000e+02,9.797729411302095182e-01
9.750000000000000000e+02,9.806029729644029080e-01
9.760000000000000000e+02,9.814330047985962979e-01
9.770000000000000000e+02,9.822630366327896878e-01
9.780000000000000000e+02,9.830930684669830777e-01
9.790000000000000000e+02,9.839231003011765786e-01
9.800000000000000000e+02,9.847531321353699685e-01
9.810000000000000000e+02,9.855831639695633584e-01
9.820000000000000000e+02,9.864131958037567482e-01
9.830000000000000000e+02,9.872432276379501381e-01
9.840000000000000000e+02,9.880732594721435280e-01
9.850000000000000000e+02,9.889032913063369179e-01
9.860000000000000000e+02,9.897333231405303078e-01
9.870000000000000000e+02,9.905633549747236977e-01
9.880000000000000000e+02,9.913933868089170875e-01
9.890000000000000000e+02,9.922234186431105885e-01
9.900000000000000000e+02,9.930534504773039783e-01
9.910000000000000000e+02,9.934940446448414786e-01
9.920000000000000000e+02,9.937280287454984817e-01
9.930000000000000000e+02,9.939620128461554849e-01
9.940000000000000000e+02,9.941959969468124880e-01
9.950000000000000000e+02,9.944299810474696022e-01
9.960000000000000000e+02,9.946639651481266053e-01
9.970000000000000000e+02,9.948979492487836085e-01
9.980000000000000000e+02,9.951319333494406116e-01
9.990000000000000000e+02,9.953659174500976148e-01
1.000000000000000000e+03,9.955999015507546179e-01
1.001000000000000000e+03,9.958338856514116211e-01
1.002000000000000000e+03,9.960678697520686242e-01
1.003000000000000000e+03,9.963018538527256274e-01
1.004000000000000000e+03,9.965358379533826305e-01
1.005000000000000000e+03,9.967698220540396337e-01
1.006000000000000000e+03,9.970038061546966368e-01
1.007000000000000000e+03,9.972377902553536400e-01
1.008000000000000000e+03,9.974717743560106431e-01
1.009000000000000000e+03,9.977057584566676463e-01
1.010000000000000000e+03,9.979397425573246494e-01
1.011000000000000000e+03,9.981737266579816525e-01
1.012000000000000000e+03,9.984077107586387667e-01
1.013000000000000000e+03,9.986416948592957699e-01
1.014000000000000000e+03,9.988756789599527730e-01
1.015000000000000000e+03,9.991096630606097762e-01
1.016000000000000000e+03,9.993436471612667793e-01
1.017000000000000000e+03,9.995776312619237824e-01
1.018000000000000000e+03,9.998116153625807856e-01
1.019000000000000000e+03,9.996861684000694082e-01
1.020000000000000000e+03,9.980758072367240663e-01
1.021000000000000000e+03,9.964654460733788355e-01
1.022000000000000000e+03,9.948550849100334936e-01
1.023000000000000000e+03,9.932447237466882628e-01
1.024000000000000000e+03,9.916343625833429209e-01
1.025000000000000000e+03,9.900240014199976901e-01
1.026000000000000000e+03,9.884136402566523483e-01
1.027000000000000000e+03,9.868032790933071174e-01
1.028000000000000000e+03,9.851929179299617756e-01
1.029000000000000000e+03,9.835825567666165448e-01
1.030000000000000000e+03,9.819721956032712029e-01
1.031000000000000000e+03,9.803618344399259721e-01
1.032000000000000000e+03,9.787514732765806302e-01
1.033000000000000000e+03,9.771411121132353994e-01
1.034000000000000000e+03,9.755307509498900576e-01
1.035000000000000000e+03,9.739203897865448267e-01
1.036000000000000000e+03,9.713751071042883156e-01
1.037000000000000000e+03,9.674937237875075313e-01
1.038000000000000000e+03,9.636123404707266360e-01
1.039000000000000000e+03,9.597309571539458517e-01
1.040000000000000000e+03,9.558495738371650674e-01
1.041000000000000000e+03,9.519681905203841721e-01
1.042000000000000000e+03,9.480868072036033878e-01
1.043000000000000000e+03,9.442054238868224925e-01
1.044000000000000000e+03,9.403240405700417082e-01
1.045000000000000000e+03,9.364426572532608128e-01
1.046000000000000000e+03,9.347459351475828626e-01
1.047000000000000000e+03,9.332250384933122866e-01
1.048000000000000000e+03,9.317041418390417107e-01
1.049000000000000000e+03,9.301832451847712457e-01
1.050000000000000000e+03,9.286623485305006698e-01
1.051000000000000000e+03,9.271414518762302048e-01
1.052000000000000000e+03,9.256205552219596289e-01
1.053000000000000000e+03,9.240996585676890529e-01
1.054000000000000000e+03,9.225787619134185880e-01
1.055000000000000000e+03,9.210578652591480120e-01
1.056000000000000000e+03,9.195369686048774360e-01
1.057000000000000000e+03,9.180160719506069711e-01
1.058000000000000000e+03,9.164951752963363951e-01
1.059000000000000000e+03,9.149742786420658192e-01
1.060000000000000000e+03,9.134533819877953542e-01
1.061000000000000000e+03,9.119324853335247782e-01
1.062000000000000000e+03,9.104115886792543133e-01
1.063000000000000000e+03,9.088906920249837373e-01
1.064000000000000000e+03,9.073697953707131614e-01
1.065000000000000000e+03,9.058488987164426964e-01
1.066000000000000000e+03,9.043280020621721205e-01
1.067000000000000000e+03,9.028101804498045446e-01
1.068000000000000000e+03,9.013787483046087345e-01
1.069000000000000000e+03,8.999473161594129245e-01
1.070000000000000000e+03,8.985158840142171144e-01
1.071000000000000000e+03,8.970844518690213043e-01
1.072000000000000000e+03,8.966193374383653047e-01
1.073000000000000000e+03,8.966606287502459915e-01
1.074000000000000000e+03,8.967019200621265673e-01
1.075000000000000000e+03,8.967432113740072541e-01
1.076000000000000000e+03,8.967845026858879409e-01
1.077000000000000000e+03,8.968257939977685167e-01
1.078000000000000000e+03,8.968670853096492035e-01
1.079000000000000000e+03,8.969083766215297793e-01
1.080000000000000000e+03,8.969496679334104661e-01
1.081000000000000000e+03,8.969909592452910418e-01
1.082000000000000000e+03,8.970322505571717286e-01
1.083000000000000000e+03,8.970735418690524154e-01
1.084000000000000000e+03,8.971148331809329912e-01
1.085000000000000000e+03,8.971561244928136780e-01
1.086000000000000000e+03,8.971974158046942538e-01
1.087000000000000000e+03,8.972387071165749406e-01
1.088000000000000000e+03,8.972799984284555164e-01
1.089000000000000000e+03,8.973212897403362032e-01
1.090000000000000000e+03,8.973625810522168900e-01
1.091000000000000000e+03,8.974038723640974657e-01
1.092000000000000000e+03,8.974451636759781525e-01
1.093000000000000000e+03,8.974864549878587283e-01
1.094000000000000000e+03,8.975277462997394151e-01
1.095000000000000000e+03,8.975690376116199909e-01
1.096000000000000000e+03,8.976103289235006777e-01
1.097000000000000000e+03,8.976516202353812535e-01
1.098000000000000000e+03,8.976929115472619403e-01
1.099000000000000000e+03,8.977342028591426271e-01
1.100000000000000000e+03,8.975969277946207470e-01
1.101000000000000000e+03,8.967348152526278815e-01
1.102000000000000000e+03,8.958727027106349050e-01
1.103000000000000000e+03,8.950105901686420395e-01
1.104000000000000000e+03,8.941484776266490631e-01
1.105000000000000000e+03,8.932863650846560866e-01
1.106000000000000000e+03,8.924242525426632211e-01
1.107000000000000000e+03,8.915621400006702446e-01
1.108000000000000000e+03,8.907000274586772681e-01
1.109000000000000000e+03,8.898379149166844027e-01
1.110000000000000000e+03,8.889758023746914262e-01
1.111000000000000000e+03,8.881136898326984497e-01
1.112000000000000000e+03,8.872515772907055842e-01
1.113000000000000000e+03,8.863894647487126077e-01
1.114000000000000000e+03,8.855273522067196312e-01
1.115000000000000000e+03,8.846652396647267658e-01
1.116000000000000000e+03,8.838031271227337893e-01
1.117000000000000000e+03,8.829410145807408128e-01
1.118000000000000000e+03,8.820789020387479473e-01
1.119000000000000000e+03,8.812167894967549708e-01
1.120000000000000000e+03,8.803546769547621054e-01
1.121000000000000000e+03,8.794925644127691289e-01
1.122000000000000000e+03,8.786304518707761524e-01
1.123000000000000000e+03,8.777683393287832869e-01
1.124000000000000000e+03,8.770074422248334001e-01
1.125000000000000000e+03,8.770074422248334001e-01
1.126000000000000000e+03,8.770074422248334001e-01
1.127000000000000000e+03,8.770074422248334001e-01
1.128000000000000000e+03,8.770074422248334001e-01
1.129000000000000000e+03,8.770074422248334001e-01
1.130000000000000000e+03,8.770074422248334001e-01
1.131000000000000000e+03,8.770074422248334001e-01
1.132000000000000000e+03,8.770074422248334001e-01
1.133000000000000000e+03,8.770074422248334001e-01
1.134000000000000000e+03,8.770074422248334001e-01
1.135000000000000000e+03,8.770074422248334001e-01
1.136000000000000000e+03,8.770074422248334001e-01
1.137000000000000000e+03,8.770074422248334001e-01
1.138000000000000000e+03,8.770074422248334001e-01
1.139000000000000000e+03,8.770074422248334001e-01
1.140000000000000000e+03,8.770074422248334001e-01
1.141000000000000000e+03,8.770074422248334001e-01
1.142000000000000000e+03,8.770074422248334001e-01
1.143000000000000000e+03,8.770074422248334001e-01
1.144000000000000000e+03,8.770074422248334001e-01
1.145000000000000000e+03,8.770074422248334001e-01
1.146000000000000000e+03,8.770074422248334001e-01
1.147000000000000000e+03,8.770074422248334001e-01
1.148000000000000000e+03,8.770074422248334001e-01
1.149000000000000000e+03,8.770074422248334001e-01
1.150000000000000000e+03,8.770074422248334001e-01
1.151000000000000000e+03,8.759127613625732334e-01
1.152000000000000000e+03,8.746219163030662935e-01
1.153000000000000000e+03,8.733310712435593537e-01
1.154000000000000000e+03,8.720402261840525249e-01
1.155000000000000000e+03,8.707493811245455850e-01
1.156000000000000000e+03,8.694585360650386452e-01
1.157000000000000000e+03,8.681676910055317054e-01
1.158000000000000000e+03,8.668768459460247655e-01
1.159000000000000000e+03,8.655860008865179367e-01
1.160000000000000000e+03,8.642951558270109969e-01
1.161000000000000000e+03,8.630043107675040570e-01
1.162000000000000000e+03,8.617134657079971172e-01
1.163000000000000000e+03,8.604226206484901773e-01
1.164000000000000000e+03,8.591317755889833485e-01
1.165000000000000000e+03,8.578409305294764087e-01
1.166000000000000000e+03,8.566160201980463906e-01
1.167000000000000000e+03,8.554509482957776134e-01
1.168000000000000000e+03,8.542858763935088362e-01
1.169000000000000000e+03,8.531208044912401700e-01
1.170000000000000000e+03,8.519557325889713928e-01
1.171000000000000000e+03,8.507906606867026156e-01
1.172000000000000000e+03,8.496255887844339494e-01
1.173000000000000000e+03,8.484605168821651722e-01
1.174000000000000000e+03,8.472954449798963950e-01
1.175000000000000000e+03,8.461303730776277288e-01
1.176000000000000000e+03,8.449653011753589515e-01
1.177000000000000000e+03,8.438002292730901743e-01
1.178000000000000000e+03,8.426351573708215081e-01
1.179000000000000000e+03,8.414700854685527309e-01
1.180000000000000000e+03,8.403050135662839537e-01
1.181000000000000000e+03,8.391399416640152875e-01
1.182000000000000000e+03,8.379748697617465103e-01
1.183000000000000000e+03,8.368097978594777331e-01
1.184000000000000000e+03,8.356447259572090669e-01
1.185000000000000000e+03,8.341442299916943526e-01
1.186000000000000000e+03,8.316892186103199691e-01
1.187000000000000000e+03,8.292342072289455857e-01
1.188000000000000000e+03,8.267791958475712022e-01
1.189000000000000000e+03,8.243241844661968187e-01
1.190000000000000000e+03,8.218691730848223242e-01
1.191000000000000000e+03,8.194141617034479408e-01
1.192000000000000000e+03,8.169591503220735573e-01
1.193000000000000000e+03,8.145041389406991739e-01
1.194000000000000000e+03,8.120491275593246794e-01
1.195000000000000000e+03,8.095941161779502959e-01
1.196000000000000000e+03,8.071391047965759125e-01
1.197000000000000000e+03,8.046840934152015290e-01
1.198000000000000000e+03,8.022290820338271455e-01
1.199000000000000000e+03,7.997740706524526511e-01
1.200000000000000000e+03,7.973190592710782676e-01
1.201000000000000000e+03,7.948640478897038841e-01
1.202000000000000000e+03,7.929148201446452049e-01
1.203000000000000000e+03,7.925034890684394817e-01
1.204000000000000000e+03,7.920921579922337585e-01
1.205000000000000000e+03,7.916808269160280354e-01
1.206000000000000000e+03,7.912694958398224232e-01
1.207000000000000000e+03,7.908581647636167000e-01
1.208000000000000000e+03,7.904468336874109768e-01
1.209000000000000000e+03,7.900355026112052537e-01
1.210000000000000000e+03,7.896241715349996415e-01
1.211000000000000000e+03,7.892128404587939183e-01
1.212000000000000000e+03,7.888015093825881952e-01
1.213000000000000000e+03,7.883901783063824720e-01
1.214000000000000000e+03,7.879788472301768598e-01
1.215000000000000000e+03,7.875675161539711366e-01
1.216000000000000000e+03,7.871561850777654135e-01
1.217000000000000000e+03,7.867448540015596903e-01
1.218000000000000000e+03,7.863335229253540781e-01
1.219000000000000000e+03,7.859221918491483549e-01
1.220000000000000000e+03,7.855108607729426318e-01
1.221000000000000000e+03,7.850995296967369086e-01
1.222000000000000000e+03,7.846881986205312964e-01
1.223000000000000000e+03,7.842768675443255733e-01
1.224000000000000000e+03,7.838655364681198501e-01
1.225000000000000000e+03,7.834542053919141269e-01
1.226000000000000000e+03,7.830428743157085147e-01
1.227000000000000000e+03,7.826315432395027916e-01
1.228000000000000000e+03,7.822202121632970684e-01
1.229000000000000000e+03,7.817431501215275080e-01
1.230000000000000000e+03,7.796854664128085588e-01
1.231000000000000000e+03,7.776277827040894985e-01
1.232000000000000000e+03,7.755700989953705493e-01
1.233000000000000000e+03,7.735124152866514891e-01
1.234000000000000000e+03,7.714547315779325398e-01
1.235000000000000000e+03,7.693970478692135906e-01
1.236000000000000000e+03,7.673393641604945303e-01
1.237000000000000000e+03,7.652816804517755811e-01
1.238000000000000000e+03,7.632239967430566319e-01
1.239000000000000000e+03,7.611663130343375716e-01
1.240000000000000000e+03,7.591086293256186224e-01
1.241000000000000000e+03,7.570509456168996731e-01
1.242000000000000000e+03,7.549932619081806129e-01
1.243000000000000000e+03,7.529355781994616637e-01
1.244000000000000000e+03,7.508778944907427144e-01
1.245000000000000000e+03,7.488202107820236542e-01
1.246000000000000000e+03,7.467625270733047049e-01
1.247000000000000000e+03,7.459778630351476814e-01
1.248000000000000000e+03,7.463357210714466339e-01
1.249000000000000000e+03,7.466935791077455864e-01
1.250000000000000000e+03,7.470514371440445389e-01
1.251000000000000000e+03,7.474092951803434914e-01
1.252000000000000000e+03,7.477671532166424440e-01
1.253000000000000000e+03,7.481250112529413965e-01
1.254000000000000000e+03,7.484828692892403490e-01
1.255000000000000000e+03,7.488407273255393015e-01
1.256000000000000000e+03,7.491985853618382540e-01
1.257000000000000000e+03,7.495564433981372066e-01
1.258000000000000000e+03,7.499143014344361591e-01
1.259000000000000000e+03,7.502721594707351116e-01
1.260000000000000000e+03,7.506300175070340641e-01
1.261000000000000000e+03,7.509878755433330166e-01
1.262000000000000000e+03,7.513457335796319692e-01
1.263000000000000000e+03,7.517035916159309217e-01
1.264000000000000000e+03,7.520614496522298742e-01
1.265000000000000000e+03,7.524193076885288267e-01
1.266000000000000000e+03,7.527771657248277792e-01
1.267000000000000000e+03,7.531350237611267318e-01
1.268000000000000000e+03,7.534928817974256843e-01
1.269000000000000000e+03,7.538507398337246368e-01
1.270000000000000000e+03,7.542085978700234783e-01
1.271000000000000000e+03,7.545664559063224308e-01
1.272000000000000000e+03,7.549243139426213833e-01
1.273000000000000000e+03,7.550862482589276725e-01
1.274000000000000000e+03,7.546836579680913371e-01
1.275000000000000000e+03,7.542810676772550016e-01
1.276000000000000000e+03,7.538784773864186661e-01
1.277000000000000000e+03,7.534758870955823307e-01
1.278000000000000000e+03,7.530732968047459952e-01
1.279000000000000000e+03,7.526707065139096597e-01
1.280000000000000000e+03,7.522681162230733243e-01
1.281000000000000000e+03,7.518655259322369888e-01
1.282000000000000000e+03,7.514629356414006534e-01
1.283000000000000000e+03,7.510603453505644289e-01
1.284000000000000000e+03,7.506577550597280934e-01
1.285000000000000000e+03,7.502551647688917580e-01
1.286000000000000000e+03,7.498525744780554225e-01
1.287000000000000000e+03,7.494499841872190871e-01
1.288000000000000000e+03,7.490473938963827516e-01
1.289000000000000000e+03,7.486448036055464161e-01
1.290000000000000000e+03,7.482422133147100807e-01
1.291000000000000000e+03,7.478396230238737452e-01
1.292000000000000000e+03,7.474370327330374097e-01
1.293000000000000000e+03,7.470344424422010743e-01
1.294000000000000000e+03,7.466318521513647388e-01
1.295000000000000000e+03,7.462292618605285144e-01
1.296000000000000000e+03,7.458266715696921789e-01
1.297000000000000000e+03,7.454240812788558435e-01
1.298000000000000000e+03,7.450214909880195080e-01
1.299000000000000000e+03,7.446189006971831725e-01
1.300000000000000000e+03,7.438184414159058067e-01
1.301000000000000000e+03,7.430132608342331357e-01
1.302000000000000000e+03,7.422080802525605758e-01
1.303000000000000000e+03,7.414028996708879049e-01
1.304000000000000000e+03,7.405977190892153450e-01
1.305000000000000000e+03,7.397925385075426741e-01
1.306000000000000000e+03,7.389873579258700032e-01
1.307000000000000000e+03,7.381821773441974432e-01
1.308000000000000000e+03,7.373769967625247723e-01
1.309000000000000000e+03,7.365718161808521014e-01
1.310000000000000000e+03,7.357666355991795415e-01
1.311000000000000000e+03,7.349614550175068706e-01
1.312000000000000000e+03,7.341562744358341996e-01
1.313000000000000000e+03,7.333510938541616397e-01
1.314000000000000000e+03,7.325459132724889688e-01
1.315000000000000000e+03,7.317407326908164089e-01
1.316000000000000000e+03,7.309355521091437380e-01
1.317000000000000000e+03,7.301303715274710671e-01
1.318000000000000000e+03,7.293251909457985072e-01
1.319000000000000000e+03,7.285200103641258362e-01
1.320000000000000000e+03,7.277148297824531653e-01
1.321000000000000000e+03,7.269096492007806054e-01
1.322000000000000000e+03,7.261044686191079345e-01
1.323000000000000000e+03,7.252992880374353746e-01
1.324000000000000000e+03,7.244941074557627037e-01
1.325000000000000000e+03,7.236889268740900327e-01
1.326000000000000000e+03,7.227551136845523638e-01
1.327000000000000000e+03,7.217710040847302722e-01
1.328000000000000000e+03,7.207868944849081805e-01
1.329000000000000000e+03,7.198027848850860888e-01
1.330000000000000000e+03,7.188186752852639971e-01
1.331000000000000000e+03,7.178345656854417944e-01
1.332000000000000000e+03,7.168504560856197028e-01
1.333000000000000000e+03,7.158663464857976111e-01
1.334000000000000000e+03,7.148822368859755194e-01
1.335000000000000000e+03,7.138981272861534277e-01
1.336000000000000000e+03,7.129140176863313361e-01
1.337000000000000000e+03,7.119299080865092444e-01
1.338000000000000000e+03,7.109457984866871527e-01
1.339000000000000000e+03,7.099616888868650610e-01
1.340000000000000000e+03,7.089775792870429694e-01
1.341000000000000000e+03,7.079934696872208777e-01
1.342000000000000000e+03,7.070093600873987860e-01
1.343000000000000000e+03,7.060252504875766943e-01
1.344000000000000000e+03,7.050411408877546027e-01
1.345000000000000000e+03,7.040570312879325110e-01
1.346000000000000000e+03,7.030729216881103083e-01
1.347000000000000000e+03,7.020888120882882166e-01
1.348000000000000000e+03,7.001066141055265479e-01
1.349000000000000000e+03,6.979167365699657788e-01
1.350000000000000000e+03,6.957268590344051207e-01
1.351000000000000000e+03,6.935369814988443515e-01
1.352000000000000000e+03,6.913471039632835824e-01
1.353000000000000000e+03,6.891572264277229243e-01
1.354000000000000000e+03,6.869673488921621551e-01
1.355000000000000000e+03,6.847774713566013860e-01
1.356000000000000000e+03,6.825875938210407279e-01
1.357000000000000000e+03,6.803977162854799587e-01
1.358000000000000000e+03,6.782078387499191896e-01
1.359000000000000000e+03,6.760179612143585315e-01
1.360000000000000000e+03,6.738280836787977623e-01
1.361000000000000000e+03,6.716382061432369932e-01
1.362000000000000000e+03,6.694483286076763351e-01
1.363000000000000000e+03,6.672584510721155659e-01
1.364000000000000000e+03,6.650685735365549078e-01
1.365000000000000000e+03,6.628786960009941387e-01
1.366000000000000000e+03,6.606888184654333696e-01
1.367000000000000000e+03,6.584989409298727114e-01
1.368000000000000000e+03,6.563090633943119423e-01
1.369000000000000000e+03,6.536366652734958427e-01
1.370000000000000000e+03,6.508952171025628175e-01
1.371000000000000000e+03,6.481537689316297923e-01
1.372000000000000000e+03,6.454123207606967672e-01
1.373000000000000000e+03,6.426708725897637420e-01
1.374000000000000000e+03,6.399294244188307168e-01
1.375000000000000000e+03,6.371879762478975806e-01
1.376000000000000000e+03,6.344465280769645554e-01
1.377000000000000000e+03,6.317050799060315303e-01
1.378000000000000000e+03,6.289636317350985051e-01
1.379000000000000000e+03,6.262221835641654799e-01
1.380000000000000000e+03,6.234807353932324547e-01
1.381000000000000000e+03,6.207392872222994296e-01
1.382000000000000000e+03,6.179978390513662934e-01
1.383000000000000000e+03,6.152563908804332682e-01
1.384000000000000000e+03,6.125149427095002430e-01
1.385000000000000000e+03,6.097734945385672178e-01
1.386000000000000000e+03,6.077569691224758985e-01
1.387000000000000000e+03,6.070186298406866632e-01
1.388000000000000000e+03,6.062802905588974278e-01
1.389000000000000000e+03,6.055419512771083035e-01
1.390000000000000000e+03,6.048036119953190681e-01
1.391000000000000000e+03,6.040652727135298328e-01
1.392000000000000000e+03,6.033269334317405974e-01
1.393000000000000000e+03,6.025885941499513621e-01
1.394000000000000000e+03,6.018502548681621267e-01
1.395000000000000000e+03,6.011119155863728913e-01
1.396000000000000000e+03,6.003735763045837670e-01
1.397000000000000000e+03,5.996352370227945316e-01
1.398000000000000000e+03,5.988968977410052963e-01
1.399000000000000000e+03,5.981585584592160609e-01
1.400000000000000000e+03,5.974202191774268256e-01
1.401000000000000000e+03,5.966818798956375902e-01
1.402000000000000000e+03,5.959435406138483549e-01
1.403000000000000000e+03,5.952052013320591195e-01
1.404000000000000000e+03,5.944668620502699952e-01
1.405000000000000000e+03,5.937285227684807598e-01
1.406000000000000000e+03,5.929901834866915245e-01
1.407000000000000000e+03,5.922518442049022891e-01
1.408000000000000000e+03,5.915135049231130537e-01
1.409000000000000000e+03,5.907751656413238184e-01
1.410000000000000000e+03,5.900368263595345830e-01
1.411000000000000000e+03,5.892984870777454587e-01
1.412000000000000000e+03,5.885601477959562233e-01
1.413000000000000000e+03,5.878971002439058458e-01
1.414000000000000000e+03,5.876465996184965235e-01
1.415000000000000000e+03,5.873960989930873122e-01
1.416000000000000000e+03,5.871455983676779899e-01
1.417000000000000000e+03,5.868950977422686677e-01
1.418000000000000000e+03,5.866445971168594564e-01
1.419000000000000000e+03,5.863940964914501341e-01
1.420000000000000000e+03,5.861435958660408119e-01
1.421000000000000000e+03,5.858930952406316006e-01
1.422000000000000000e+03,5.856425946152222783e-01
1.423000000000000000e+03,5.853920939898130671e-01
1.424000000000000000e+03,5.851415933644037448e-01
1.425000000000000000e+03,5.848910927389944225e-01
1.426000000000000000e+03,5.846405921135852113e-01
1.427000000000000000e+03,5.843900914881758890e-01
1.428000000000000000e+03,5.841395908627665667e-01
1.429000000000000000e+03,5.838890902373573555e-01
1.430000000000000000e+03,5.836385896119480332e-01
1.431000000000000000e+03,5.833880889865388220e-01
1.432000000000000000e+03,5.831375883611294997e-01
1.433000000000000000e+03,5.828870877357201774e-01
1.434000000000000000e+03,5.826365871103109662e-01
1.435000000000000000e+03,5.823860864849016439e-01
1.436000000000000000e+03,5.821355858594923216e-01
1.437000000000000000e+03,5.818179925926321161e-01
1.438000000000000000e+03,5.806618358599739960e-01
1.439000000000000000e+03,5.795056791273158758e-01
1.440000000000000000e+03,5.783495223946577557e-01
1.441000000000000000e+03,5.771933656619996356e-01
1.442000000000000000e+03,5.760372089293415154e-01
1.443000000000000000e+03,5.748810521966833953e-01
1.444000000000000000e+03,5.737248954640252752e-01
1.445000000000000000e+03,5.725687387313671550e-01
1.446000000000000000e+03,5.714125819987090349e-01
1.447000000000000000e+03,5.702564252660510258e-01
1.448000000000000000e+03,5.691002685333929056e-01
1.449000000000000000e+03,5.688543281462485890e-01
1.450000000000000000e+03,5.690160109939740307e-01
1.451000000000000000e+03,5.691776938416994724e-01
1.452000000000000000e+03,5.693393766894249142e-01
1.453000000000000000e+03,5.695010595371504669e-01
1.454000000000000000e+03,5.696627423848759086e-01
1.455000000000000000e+03,5.698244252326013504e-01
1.456000000000000000e+03,5.699861080803267921e-01
1.457000000000000000e+03,5.701477909280522338e-01
1.458000000000000000e+03,5.703094737757776755e-01
1.459000000000000000e+03,5.704711566235031173e-01
1.460000000000000000e+03,5.706328394712285590e-01
1.461000000000000000e+03,5.707945223189540007e-01
1.462000000000000000e+03,5.709562051666794424e-01
1.463000000000000000e+03,5.711178880144048842e-01
1.464000000000000000e+03,5.712795708621303259e-01
1.465000000000000000e+03,5.714412537098557676e-01
1.466000000000000000e+03,5.716029365575812093e-01
1.467000000000000000e+03,5.696026936534429597e-01
1.468000000000000000e+03,5.656151326775403776e-01
1.469000000000000000e+03,5.616275717016379065e-01
1.470000000000000000e+03,5.576400107257353245e-01
1.471000000000000000e+03,5.536524497498328534e-01
1.472000000000000000e+03,5.496648887739303824e-01
1.473000000000000000e+03,5.456773277980278003e-01
1.474000000000000000e+03,5.416897668221253292e-01
1.475000000000000000e+03,5.406145022572534931e-01
1.476000000000000000e+03,5.400167166738905067e-01
1.477000000000000000e+03,5.394189310905274093e-01
1.478000000000000000e+03,5.388211455071644229e-01
1.479000000000000000e+03,5.382233599238013255e-01
1.480000000000000000e+03,5.376255743404383391e-01
1.481000000000000000e+03,5.370277887570753528e-01
1.482000000000000000e+03,5.364300031737122554e-01
1.483000000000000000e+03,5.358322175903492690e-01
1.484000000000000000e+03,5.352344320069861716e-01
1.485000000000000000e+03,5.346366464236231852e-01
1.486000000000000000e+03,5.340388608402601989e-01
1.487000000000000000e+03,5.334410752568971015e-01
1.488000000000000000e+03,5.328432896735341151e-01
1.489000000000000000e+03,5.322455040901710177e-01
1.490000000000000000e+03,5.316477185068080313e-01
1.491000000000000000e+03,5.310499329234449339e-01
1.492000000000000000e+03,5.304521473400819476e-01
1.493000000000000000e+03,5.298543617567189612e-01
1.494000000000000000e+03,5.292565761733558638e-01
1.495000000000000000e+03,5.286587905899928774e-01
1.496000000000000000e+03,5.280610050066297800e-01
1.497000000000000000e+03,5.274632194232667937e-01
1.498000000000000000e+03,5.268654338399038073e-01
1.499000000000000000e+03,5.275012157667996471e-01
1.500000000000000000e+03,5.284871892105608149e-01
1.501000000000000000e+03,5.294731626543219827e-01
1.502000000000000000e+03,5.304591360980831505e-01
1.503000000000000000e+03,5.314451095418443183e-01
1.504000000000000000e+03,5.324310829856054861e-01
1.505000000000000000e+03,5.334170564293667649e-01
1.506000000000000000e+03,5.344030298731279327e-01
1.507000000000000000e+03,5.353890033168891005e-01
1.508000000000000000e+03,5.363749767606502683e-01
1.509000000000000000e+03,5.373609502044114361e-01
1.510000000000000000e+03,5.383469236481726039e-01
1.511000000000000000e+03,5.393328970919338827e-01
1.512000000000000000e+03,5.403188705356950505e-01
1.513000000000000000e+03,5.413048439794562183e-01
1.514000000000000000e+03,5.422908174232173861e-01
1.515000000000000000e+03,5.432767908669785539e-01
1.516000000000000000e+03,5.442627643107397217e-01
1.517000000000000000e+03,5.452487377545010006e-01
1.518000000000000000e+03,5.462347111982621684e-01
1.519000000000000000e+03,5.472206846420233362e-01
1.520000000000000000e+03,5.482066580857845040e-01
1.521000000000000000e+03,5.483650483691496769e-01
1.522000000000000000e+03,5.461957188681142439e-01
1.523000000000000000e+03,5.440263893670788109e-01
1.524000000000000000e+03,5.418570598660433779e-01
1.525000000000000000e+03,5.396877303650079449e-01
1.526000000000000000e+03,5.375184008639725119e-01
1.527000000000000000e+03,5.353490713629370790e-01
1.528000000000000000e+03,5.331797418619016460e-01
1.529000000000000000e+03,5.310104123608662130e-01
1.530000000000000000e+03,5.288410828598307800e-01
1.531000000000000000e+03,5.266717533587953470e-01
1.532000000000000000e+03,5.245024238577600251e-01
1.533000000000000000e+03,5.223330943567245921e-01
1.534000000000000000e+03,5.201637648556891591e-01
1.535000000000000000e+03,5.179944353546537261e-01
1.536000000000000000e+03,5.159783500752408436e-01
1.537000000000000000e+03,5.150240619784437479e-01
1.538000000000000000e+03,5.140697738816465412e-01
1.539000000000000000e+03,5.131154857848493345e-01
1.540000000000000000e+03,5.121611976880521278e-01
1.541000000000000000e+03,5.112069095912550321e-01
1.542000000000000000e+03,5.102526214944578253e-01
1.543000000000000000e+03,5.092983333976606186e-01
1.544000000000000000e+03,5.083440453008634119e-01
1.545000000000000000e+03,5.073897572040663162e-01
1.546000000000000000e+03,5.064354691072691095e-01
1.547000000000000000e+03,5.054811810104719028e-01
1.548000000000000000e+03,5.045268929136748071e-01
1.549000000000000000e+03,5.035726048168776003e-01
1.550000000000000000e+03,5.026183167200803936e-01
1.551000000000000000e+03,5.016640286232831869e-01
1.552000000000000000e+03,5.007097405264859802e-01
1.553000000000000000e+03,4.997988254649612938e-01
1.554000000000000000e+03,4.996944502043740854e-01
1.555000000000000000e+03,4.995900749437869326e-01
1.556000000000000000e+03,4.994856996831997242e-01
1.557000000000000000e+03,4.993813244226125159e-01
1.558000000000000000e+03,4.992769491620253075e-01
1.559000000000000000e+03,4.991725739014380991e-01
1.560000000000000000e+03,4.990681986408509463e-01
1.561000000000000000e+03,4.989638233802637379e-01
1.562000000000000000e+03,4.988594481196765296e-01
1.563000000000000000e+03,4.987550728590893212e-01
1.564000000000000000e+03,4.986506975985021684e-01
1.565000000000000000e+03,4.985463223379149600e-01
1.566000000000000000e+03,4.984419470773277516e-01
1.567000000000000000e+03,4.983375718167405433e-01
1.568000000000000000e+03,4.982331965561533349e-01
1.569000000000000000e+03,4.981288212955661820e-01
1.570000000000000000e+03,4.980244460349789737e-01
1.571000000000000000e+03,4.979200707743917653e-01
1.572000000000000000e+03,4.978156955138045570e-01
1.573000000000000000e+03,4.977113202532174041e-01
1.574000000000000000e+03,4.976069449926301957e-01
1.575000000000000000e+03,4.975025697320429874e-01
1.576000000000000000e+03,4.973981944714557790e-01
1.577000000000000000e+03,4.972938192108685707e-01
1.578000000000000000e+03,4.971894439502814178e-01
1.579000000000000000e+03,4.970850686896942094e-01
1.580000000000000000e+03,4.959747802604170253e-01
1.581000000000000000e+03,4.945835158539894638e-01
1.582000000000000000e+03,4.931922514475619579e-01
1.583000000000000000e+03,4.918009870411343964e-01
1.584000000000000000e+03,4.904097226347068350e-01
1.585000000000000000e+03,4.890184582282792736e-01
1.586000000000000000e+03,4.876271938218517121e-01
1.587000000000000000e+03,4.862359294154241507e-01
1.588000000000000000e+03,4.848446650089966448e-01
1.589000000000000000e+03,4.834534006025690833e-01
1.590000000000000000e+03,4.820621361961415219e-01
1.591000000000000000e+03,4.806708717897139604e-01
1.592000000000000000e+03,4.792796073832863990e-01
1.593000000000000000e+03,4.778883429768588376e-01
1.594000000000000000e+03,4.764970785704312761e-01
1.595000000000000000e+03,4.751058141640037702e-01
1.596000000000000000e+03,4.737145497575762088e-01
1.597000000000000000e+03,4.723232853511486473e-01
1.598000000000000000e+03,4.709320209447210859e-01
1.599000000000000000e+03,4.695407565382935244e-01
1.600000000000000000e+03,4.681494921318659630e-01
1.601000000000000000e+03,4.669051621995539136e-01
1.602000000000000000e+03,4.659613993391184539e-01
1.603000000000000000e+03,4.650176364786829386e-01
1.604000000000000000e+03,4.640738736182474788e-01
1.605000000000000000e+03,4.631301107578120191e-01
1.606000000000000000e+03,4.621863478973765038e-01
1.607000000000000000e+03,4.612425850369410441e-01
1.608000000000000000e+03,4.602988221765055843e-01
1.609000000000000000e+03,4.593550593160700690e-01
1.610000000000000000e+03,4.584112964556346093e-01
1.611000000000000000e+03,4.574675335951991495e-01
1.612000000000000000e+03,4.565237707347636342e-01
1.613000000000000000e+03,4.555800078743281745e-01
1.614000000000000000e+03,4.546362450138927147e-01
1.615000000000000000e+03,4.536924821534571994e-01
1.616000000000000000e+03,4.527487192930217397e-01
1.617000000000000000e+03,4.518049564325862244e-01
1.618000000000000000e+03,4.508611935721507646e-01
1.619000000000000000e+03,4.499174307117153049e-01
1.620000000000000000e+03,4.489736678512797896e-01
1.621000000000000000e+03,4.480299049908443298e-01
1.622000000000000000e+03,4.470861421304088701e-01
1.623000000000000000e+03,4.461423792699733548e-01
1.624000000000000000e+03,4.464398240513717808e-01
1.625000000000000000e+03,4.467380390816209079e-01
1.626000000000000000e+03,4.470362541118700350e-01
1.627000000000000000e+03,4.473344691421192176e-01
1.628000000000000000e+03,4.476326841723683447e-01
1.629000000000000000e+03,4.479308992026175273e-01
1.630000000000000000e+03,4.482291142328666544e-01
1.631000000000000000e+03,4.485273292631158371e-01
1.632000000000000000e+03,4.488255442933649642e-01
1.633000000000000000e+03,4.491237593236140913e-01
1.634000000000000000e+03,4.494219743538632739e-01
1.635000000000000000e+03,4.497201893841124010e-01
1.636000000000000000e+03,4.500184044143615836e-01
1.637000000000000000e+03,4.503166194446107107e-01
1.638000000000000000e+03,4.506148344748598378e-01
1.639000000000000000e+03,4.509130495051090204e-01
1.640000000000000000e+03,4.512112645353581475e-01
1.641000000000000000e+03,4.515094795656073301e-01
1.642000000000000000e+03,4.518076945958564572e-01
1.643000000000000000e+03,4.521059096261056398e-01
1.644000000000000000e+03,4.524041246563547669e-01
1.645000000000000000e+03,4.527023396866038940e-01
1.646000000000000000e+03,4.530005547168530766e-01
1.647000000000000000e+03,4.532987697471022037e-01
1.648000000000000000e+03,4.535969847773513863e-01
1.649000000000000000e+03,4.538951998076005134e-01
1.650000000000000000e+03,4.523756198998962197e-01
1.651000000000000000e+03,4.501837394275650661e-01
1.652000000000000000e+03,4.479918589552339681e-01
1.653000000000000000e+03,4.457999784829028700e-01
1.654000000000000000e+03,4.436080980105717164e-01
1.655000000000000000e+03,4.414162175382406184e-01
1.656000000000000000e+03,4.392243370659094648e-01
1.657000000000000000e+03,4.370324565935783667e-01
1.658000000000000000e+03,4.348405761212472687e-01
1.659000000000000000e+03,4.326486956489161151e-01
1.660000000000000000e+03,4.304568151765850170e-01
1.661000000000000000e+03,4.282649347042539190e-01
1.662000000000000000e+03,4.260730542319227654e-01
1.663000000000000000e+03,4.238811737595916673e-01
1.664000000000000000e+03,4.216892932872605693e-01
1.665000000000000000e+03,4.194974128149294157e-01
1.666000000000000000e+03,4.173055323425983176e-01
1.667000000000000000e+03,4.154664935278011839e-01
1.668000000000000000e+03,4.148998849703278147e-01
1.669000000000000000e+03,4.143332764128545009e-01
1.670000000000000000e+03,4.137666678553811872e-01
1.671000000000000000e+03,4.132000592979078735e-01
1.672000000000000000e+03,4.126334507404345042e-01
1.673000000000000000e+03,4.120668421829611905e-01
1.674000000000000000e+03,4.115002336254878768e-01
1.675000000000000000e+03,4.109336250680145630e-01
1.676000000000000000e+03,4.103670165105412493e-01
1.677000000000000000e+03,4.098004079530678800e-01
1.678000000000000000e+03,4.092337993955945663e-01
1.679000000000000000e+03,4.086671908381212526e-01
1.680000000000000000e+03,4.081005822806479388e-01
1.681000000000000000e+03,4.075339737231745696e-01
1.682000000000000000e+03,4.069673651657012559e-01
1.683000000000000000e+03,4.064007566082279421e-01
1.684000000000000000e+03,4.058341480507546284e-01
1.685000000000000000e+03,4.052675394932813147e-01
1.686000000000000000e+03,4.047009309358079454e-01
1.687000000000000000e+03,4.041343223783346317e-01
1.688000000000000000e+03,4.035677138208613179e-01
1.689000000000000000e+03,4.030011052633880042e-01
1.690000000000000000e+03,4.024344967059146350e-01
1.691000000000000000e+03,4.018678881484413212e-01
1.692000000000000000e+03,4.013012795909680075e-01
1.693000000000000000e+03,4.007346710334946938e-01
1.694000000000000000e+03,3.999843552329087060e-01
1.695000000000000000e+03,3.992239069057734180e-01
1.696000000000000000e+03,3.984634585786381855e-01
1.697000000000000000e+03,3.977030102515028975e-01
1.698000000000000000e+03,3.969425619243676095e-01
1.699000000000000000e+03,3.961821135972323216e-01
1.700000000000000000e+03,3.954216652700970891e-01
